Date,Close
2026-03-02,9.5300
2026-03-03,9.4000
2026-03-04,10.0700
2026-03-05,9.8100
2026-03-06,9.3900
2026-03-09,9.5100
2026-03-10,9.6500
2026-03-11,9.7300
2026-03-12,9.7000
2026-03-13,9.8000
2026-03-16,10.1900
2026-03-17,10.2600
2026-03-18,9.7800
2026-03-19,9.6700
2026-03-20,9.6700
2026-03-23,9.7200
2026-03-24,9.5500
2026-03-25,9.7500
2026-03-26,9.4200
2026-03-27,9.0700
2026-03-30,9.1500
2026-03-31,9.3100
2026-04-01,9.3600
2026-04-02,9.2100
2026-04-06,9.5800
2026-04-07,9.4700
2026-04-08,9.8000
2026-04-09,9.9000
2026-04-10,10.0600
2026-04-13,10.0700
2026-04-14,10.1900
2026-04-15,10.3000
2026-04-16,10.3500
2026-04-17,10.6300
2026-04-20,10.4600
2026-04-21,10.2900
2026-04-22,10.8200
2026-04-23,10.6800
2026-04-24,10.6500
2026-04-27,10.5400
2026-04-28,10.4600
2026-04-29,10.3300
2026-04-30,10.4700
2026-05-01,10.7400
2026-05-04,10.9500
2026-05-05,11.1800
2026-05-06,11.1500
2026-05-07,10.9600
2026-05-08,10.9600
2026-05-11,11.2000
2026-05-12,11.0400
2026-05-13,10.8800
2026-05-14,11.1300
2026-05-15,10.8100
2026-05-18,10.4900
2026-05-19,10.4800
2026-05-20,10.6000
2026-05-21,10.6000
2026-05-22,10.3500
2026-05-26,10.3700
2026-05-27,10.2100
2026-05-28,10.0100
2026-05-29,10.0200
2026-06-01,9.7400
2026-06-02,9.1700
2026-06-03,8.9000
2026-06-04,8.6500
2026-06-05,8.2200
2026-06-08,8.6200
2026-06-09,8.4400
2026-06-10,8.4300
2026-06-11,8.6400
2026-06-12,8.6500
2026-06-15,9.0500
2026-06-16,8.9200
2026-06-17,8.7300
2026-06-18,8.5600
2026-06-22,8.7600
2026-06-23,8.4700
2026-06-24,8.1500
2026-06-25,8.0600
2026-06-26,8.1200
2026-06-29,8.1900
2026-06-30,7.9800
2026-07-01,8.1300
2026-07-02,8.3400
2026-07-06,8.6400
2026-07-07,8.6500
2026-07-08,8.4400
2026-07-09,8.5700
2026-07-10,8.6700
2026-07-13,8.4400
2026-07-14,8.7500
2026-07-15,8.8000
2026-07-16,8.7200
2026-07-17,8.6900
2026-07-20,8.8200
2026-07-21,9.0100
2026-07-22,8.9500
2026-07-23,8.7700
2026-07-24,8.7000
2026-07-27,8.7800
2026-07-28,8.6400
2026-07-29,8.6100
2026-07-30,8.7700
2026-07-31,8.5200
2026-08-03,8.6300
2026-08-04,8.6800
2026-08-05,8.7700
2026-08-06,8.7000
2026-08-07,8.7900
2026-08-10,8.6400
2026-08-11,8.5700
2026-08-12,8.5500
2026-08-13,8.5600
2026-08-14,8.5000
2026-08-17,8.6900
2026-08-18,8.7300
2026-08-19,9.2500
2026-08-20,9.8100
2026-08-21,10.4100
2026-08-24,10.6300
2026-08-25,10.6600
2026-08-26,10.5800
2026-08-27,10.7800
2026-08-28,10.4500
2026-08-31,10.6300
2026-09-01,10.3800
2026-09-02,10.4000
2026-09-03,11.0100
2026-09-04,10.7400
2026-09-08,10.5400
2026-09-09,10.5100
2026-09-10,10.3700
2026-09-11,10.3700
2026-09-14,10.6100
2026-09-15,10.2300
2026-09-16,10.2200
2026-09-17,10.2800
2026-09-18,10.8801
